<?xml version="1.0" encoding="UTF-8"?>
<deploy xmlns="http://www.apache.org/ode/schemas/dd/2007/03" xmlns:waa.swin.edu.au="http://waa.swin.edu.au">
  <process name="waa.swin.edu.au:BookOrder">
    <active>true</active>
    <retired>false</retired>
    <process-events generate="all"/>
    <provide partnerLink="clientLink">
      <service name="waa.swin.edu.au:BookOrder" port="BookOrderPort"/>
    </provide>
    <invoke partnerLink="validateLink">
      <service name="waa.swin.edu.au:Ass02StudentSoap" port="Ass02StudentSoapHttpSoap11Endpoint"/>
    </invoke>
  </process>
</deploy>