<?xml version="1.0" encoding="UTF-8"?>
<deploy xmlns="http://www.apache.org/ode/schemas/dd/2007/03" xmlns:waa.swin.edu.au="http://waa.swin.edu.au">
  <process name="waa.swin.edu.au:orderBook">
    <active>true</active>
    <retired>false</retired>
    <process-events generate="all"/>
    <provide partnerLink="inputLink">
      <service name="waa.swin.edu.au:orderBook" port="orderBookPort"/>
    </provide>
    <invoke partnerLink="studendtSoapinv">
      <service name="waa.swin.edu.au:Ass02BookSoap" port="Ass02BookSoapHttpsEndpoint"/>
    </invoke>
  </process>
</deploy>