<?xml version="1.0" encoding="UTF-8"?>
<deploy xmlns="http://www.apache.org/ode/schemas/dd/2007/03" xmlns:au.edu.swin.waa="http://au.edu.swin.waa" xmlns:waa.swin.edu.au="http://waa.swin.edu.au">
  <process name="au.edu.swin.waa:BookServiceBPEL">
    <active>true</active>
    <retired>false</retired>
    <process-events generate="all"/>
    <provide partnerLink="clientPartnerLink">
      <service name="au.edu.swin.waa:BookBPEL" port="BookBPELPort"/>
    </provide>
    <invoke partnerLink="getBookLink">
      <service name="waa.swin.edu.au:Ass02BookSoap" port="Ass02BookSoapHttpSoap11Endpoint"/>
    </invoke>
  </process>
</deploy>